DATE,SERIES,OPEN,HIGH,LOW,PREV. CLOSE,LTP,CLOSE,VWAP,52W H,52W L,VOLUME,VALUE,NO. OF  TRADES
16-Mar-2026,EQ,"225.00","225.01","211.05","223.61","217.01","217.70","217.48","233.00","167.55",5109651,"1,11,12,32,738.85",45460
13-Mar-2026,EQ,"226.00","229.74","220.20","226.70","225.75","223.61","225.35","233.00","167.55",6441494,"1,45,15,98,889.11",45089
12-Mar-2026,EQ,"226.90","230.40","221.11","228.73","226.50","226.70","226.73","233.00","167.55",4355969,"98,76,20,396.44",32528
11-Mar-2026,EQ,"221.99","233.00","221.00","221.31","228.00","228.73","229.53","233.00","167.55",11555276,"2,65,23,02,263.08",80553
10-Mar-2026,EQ,"210.00","223.65","207.51","205.81","220.10","221.31","217.20","224.03","167.55",8257267,"1,79,34,54,147.53",57183
09-Mar-2026,EQ,"210.50","212.70","203.31","217.80","206.25","205.81","205.67","224.03","167.55",3973126,"81,71,60,679.67",38793
06-Mar-2026,EQ,"215.00","224.03","214.48","213.59","216.89","217.80","220.39","224.03","162.20",10374317,"2,28,64,22,619.93",70543
05-Mar-2026,EQ,"201.04","215.25","200.25","200.88","212.62","213.59","210.10","220.40","162.20",9859905,"2,07,16,11,479.38",63178
04-Mar-2026,EQ,"200.00","202.98","195.80","203.04","200.00","200.88","199.12","220.40","162.20",5306661,"1,05,66,50,375.80",36380
02-Mar-2026,EQ,"197.09","205.01","195.55","202.88","203.00","203.04","202.59","220.40","162.20",3980042,"80,63,05,473.74",28621
27-Feb-2026,EQ,"205.02","205.85","201.52","205.77","202.70","202.88","203.03","220.40","162.20",2359034,"47,89,55,468.54",21075
26-Feb-2026,EQ,"206.50","209.65","204.66","206.21","205.80","205.77","206.73","220.40","162.20",2749520,"56,84,05,931.20",15802
25-Feb-2026,EQ,"204.00","208.55","201.52","202.92","207.40","206.21","206.26","220.40","162.20",3917166,"80,79,52,562.61",25005
24-Feb-2026,EQ,"201.00","204.40","199.20","201.78","202.60","202.92","201.57","220.40","162.20",2017131,"40,65,93,094.58",18320
23-Feb-2026,EQ,"203.15","207.82","200.20","202.76","202.20","201.78","203.66","220.40","162.20",1457106,"29,67,55,215.54",15961
20-Feb-2026,EQ,"204.50","205.56","200.72","204.53","202.50","202.76","202.93","220.40","162.20",1473544,"29,90,19,779.32",17331
19-Feb-2026,EQ,"205.91","208.10","203.15","205.91","204.65","204.53","205.63","220.40","162.20",1392669,"28,63,74,215.97",13939
18-Feb-2026,EQ,"208.10","209.70","205.01","207.91","207.10","205.91","207.04","220.40","162.20",2344875,"48,54,78,449.11",16903
17-Feb-2026,EQ,"204.75","209.35","203.58","205.13","207.80","207.91","207.71","220.40","162.20",2888942,"60,00,53,887.65",21655
16-Feb-2026,EQ,"203.00","206.30","200.05","202.72","204.12","205.13","204.49","220.40","162.20",2142670,"43,81,57,318.25",20116
13-Feb-2026,EQ,"200.90","205.40","198.55","201.23","202.10","202.72","202.20","220.40","162.20",3065170,"61,97,80,598.35",31532
12-Feb-2026,EQ,"204.80","204.80","199.76","205.56","201.54","201.23","201.89","220.40","162.20",2985762,"60,27,81,309.10",27522
11-Feb-2026,EQ,"204.75","206.99","196.98","206.70","203.65","205.56","203.71","220.40","162.20",4294310,"87,47,88,271.76",31869
10-Feb-2026,EQ,"207.00","208.40","205.50","206.88","207.00","206.70","207.10","220.40","162.20",2416960,"50,05,56,823.89",14330
09-Feb-2026,EQ,"203.00","209.65","203.00","200.30","206.50","206.88","207.52","220.40","162.20",4639788,"96,28,29,193.76",35971
06-Feb-2026,EQ,"199.94","201.10","195.00","199.96","201.00","200.30","198.05","220.40","162.20",1519199,"30,08,77,907.85",14529
05-Feb-2026,EQ,"198.90","202.08","195.55","199.05","199.81","199.96","199.47","220.40","162.20",2342854,"46,73,29,162.76",18868
04-Feb-2026,EQ,"194.40","201.00","192.59","194.40","199.10","199.05","197.86","220.40","162.20",3985077,"78,84,90,574.85",32513
03-Feb-2026,EQ,"185.05","195.69","182.40","179.41","193.90","194.40","190.22","220.40","162.20",6240259,"1,18,70,44,051.47",44836
02-Feb-2026,EQ,"180.85","180.90","175.32","181.15","179.98","179.41","178.00","220.40","162.20",2035353,"36,22,84,913.62",32345
01-Feb-2026,EQ,"182.01","183.50","179.31","182.05","181.20","181.15","181.50","220.40","162.20",941442,"17,08,67,813.51",14292
30-Jan-2026,EQ,"184.55","184.84","181.00","186.16","182.30","182.05","182.48","220.40","162.20",2216548,"40,44,68,710.74",27118
29-Jan-2026,EQ,"183.22","187.00","182.11","183.22","186.30","186.16","185.19","220.40","162.20",1945259,"36,02,40,381.37",18823
28-Jan-2026,EQ,"179.49","184.44","179.37","178.79","183.60","183.22","182.52","220.40","162.20",1787360,"32,62,34,725.72",21122
27-Jan-2026,EQ,"178.70","181.98","175.80","179.06","180.55","178.79","178.36","220.40","162.20",3939009,"70,25,55,709.39",39795
23-Jan-2026,EQ,"183.01","185.99","178.33","182.50","178.70","179.06","181.59","220.40","162.20",1616531,"29,35,39,714.34",26249
22-Jan-2026,EQ,"184.00","185.72","181.60","180.80","183.00","182.50","183.38","220.40","162.20",1196123,"21,93,41,344.77",16203
21-Jan-2026,EQ,"181.95","183.71","179.35","182.12","182.00","180.80","181.69","220.40","162.20",2893766,"52,57,81,358.11",29288
20-Jan-2026,EQ,"189.04","190.55","180.10","188.97","182.20","182.12","185.07","220.40","162.20",1568240,"29,02,37,119.07",34144
19-Jan-2026,EQ,"191.05","191.37","188.51","191.37","189.05","188.97","189.74","220.40","162.20",1131392,"21,46,74,860.89",17000
16-Jan-2026,EQ,"189.45","194.50","189.00","189.31","191.00","191.37","192.23","220.40","162.20",1866853,"35,88,67,543.39",24164
14-Jan-2026,EQ,"186.85","190.54","185.67","186.40","189.79","189.31","188.66","220.40","162.20",1934402,"36,49,53,546.49",20114
13-Jan-2026,EQ,"188.50","189.24","185.05","187.64","186.90","186.40","186.81","220.40","162.20",1660815,"31,02,63,405.66",21679
12-Jan-2026,EQ,"189.00","189.99","186.00","187.61","188.12","187.64","188.08","220.40","162.20",2066344,"38,86,40,381.05",27832
09-Jan-2026,EQ,"194.00","194.09","186.88","193.36","188.50","187.61","189.87","220.40","162.20",2875938,"54,60,64,669.33",34254
08-Jan-2026,EQ,"200.00","201.00","192.20","199.54","193.00","193.36","195.27","220.40","162.20",2848691,"55,62,60,906.96",37747
07-Jan-2026,EQ,"202.00","202.12","196.70","201.48","199.60","199.54","199.04","220.40","162.20",2574148,"51,23,52,521.12",28524
06-Jan-2026,EQ,"202.30","206.15","200.12","201.25","201.00","201.48","203.05","220.40","162.20",3064979,"62,23,32,074.16",21003
05-Jan-2026,EQ,"201.00","203.50","199.60","200.00","201.50","201.25","201.57","220.40","162.20",4192822,"84,51,31,005.94",32479
02-Jan-2026,EQ,"207.80","212.40","195.60","206.92","200.10","200.00","203.11","220.40","162.20",17503039,"3,55,50,86,744.60",121887
01-Jan-2026,EQ,"205.50","208.20","205.40","205.50","207.10","206.92","206.92","220.40","162.20",1507317,"31,18,93,139.13",13139
31-Dec-2025,EQ,"206.30","208.28","205.00","205.91","205.90","205.50","206.43","220.40","162.20",2180394,"45,01,09,365.70",17325
30-Dec-2025,EQ,"200.00","206.39","199.02","200.13","205.40","205.91","204.11","220.40","162.20",3423654,"69,88,09,288.71",17499
29-Dec-2025,EQ,"202.85","202.85","199.20","202.29","200.39","200.13","200.56","220.40","162.20",1469827,"29,47,84,023.97",16946
26-Dec-2025,EQ,"205.95","205.95","201.50","205.95","202.02","202.29","203.38","220.40","162.20",1770638,"36,01,12,510.35",13851
24-Dec-2025,EQ,"206.99","207.94","203.90","206.16","205.80","205.95","206.29","220.40","162.20",1572967,"32,44,89,002.08",13828
23-Dec-2025,EQ,"208.65","208.65","204.82","208.35","206.45","206.16","206.18","220.40","162.20",2484525,"51,22,49,332.61",17456
22-Dec-2025,EQ,"202.49","209.70","202.00","200.47","208.35","208.35","206.74","220.40","162.20",5341863,"1,10,43,85,019.99",31394
19-Dec-2025,EQ,"199.90","201.16","199.00","198.64","201.16","200.47","200.08","225.61","162.20",2290638,"45,83,15,025.37",11234
18-Dec-2025,EQ,"199.80","201.80","198.40","199.15","198.90","198.64","199.72","225.61","162.20",2109488,"42,13,00,630.77",20392
17-Dec-2025,EQ,"199.20","199.55","195.59","198.42","199.00","199.15","198.56","225.61","162.20",4141087,"82,22,44,175.25",18897
16-Dec-2025,EQ,"199.99","202.39","197.79","199.99","198.40","198.42","200.15","225.61","162.20",6846962,"1,37,03,87,829.19",26815
15-Dec-2025,EQ,"202.20","203.63","198.71","202.20","200.31","199.99","200.96","225.61","162.20",6185588,"1,24,30,37,540.01",34977
12-Dec-2025,EQ,"207.00","207.79","198.90","206.05","202.50","202.20","202.85","231.00","162.20",5172630,"1,04,92,79,523.01",30712
11-Dec-2025,EQ,"205.40","208.30","203.05","204.25","205.53","206.05","205.95","231.00","162.20",2906462,"59,85,95,210.67",18683
10-Dec-2025,EQ,"206.55","209.10","203.50","206.51","204.75","204.25","205.63","231.00","162.20",6365709,"1,30,90,10,040.84",30856
09-Dec-2025,EQ,"205.00","211.23","201.75","205.20","206.00","206.51","205.98","231.00","162.20",8345149,"1,71,88,95,345.75",51241
08-Dec-2025,EQ,"213.10","213.90","204.15","213.17","205.00","205.20","208.32","231.00","162.20",6370919,"1,32,71,85,239.48",41549
05-Dec-2025,EQ,"211.50","216.45","210.48","212.49","213.45","213.17","213.36","231.00","162.20",6221439,"1,32,73,95,454.54",49706
04-Dec-2025,EQ,"213.60","219.40","209.70","211.61","211.69","212.49","215.70","231.00","162.20",14989206,"3,23,32,23,953.19",87964
03-Dec-2025,EQ,"212.99","213.99","203.00","211.93","212.05","211.61","207.64","231.00","162.20",10496706,"2,17,95,30,933.25",56759
02-Dec-2025,EQ,"213.60","216.80","211.25","212.96","212.10","211.93","214.10","231.00","162.20",6027017,"1,29,03,74,924.83",30771
01-Dec-2025,EQ,"214.70","217.10","212.16","212.13","213.11","212.96","214.30","231.00","162.20",7500499,"1,60,73,77,173.85",45433
28-Nov-2025,EQ,"214.82","218.50","211.01","213.76","212.40","212.13","214.53","231.00","162.20",8376022,"1,79,69,13,103.57",51786
27-Nov-2025,EQ,"215.79","220.40","211.05","210.95","214.79","213.76","215.17","231.00","162.20",18145473,"3,90,43,64,818.93",105615
26-Nov-2025,EQ,"216.64","218.40","208.10","215.59","210.94","210.95","212.15","231.00","162.20",23040795,"4,88,80,44,473.02",135435
25-Nov-2025,EQ,"198.26","220.00","198.00","198.84","216.50","215.59","210.72","231.00","162.20",51417426,"10,83,46,44,883.20",287273
24-Nov-2025,EQ,"194.00","204.00","192.15","188.76","197.00","198.84","199.63","231.00","162.20",48027341,"9,58,76,37,280.74",238308
21-Nov-2025,EQ,"175.80","193.99","174.85","175.14","188.50","188.76","187.53","231.00","162.20",36784758,"6,89,81,11,212.91",239002
20-Nov-2025,EQ,"176.20","177.70","174.50","176.20","175.49","175.14","175.47","231.00","162.20",884135,"15,51,43,150.39",15642
19-Nov-2025,EQ,"175.90","176.89","174.17","174.68","176.10","176.20","175.42","231.00","162.20",1120922,"19,66,27,624.65",15903
18-Nov-2025,EQ,"176.39","176.39","174.00","175.73","174.75","174.68","175.22","231.00","162.20",909380,"15,93,41,264.88",16387
17-Nov-2025,EQ,"175.90","179.52","174.35","174.07","175.95","175.73","176.90","231.00","162.20",1958222,"34,63,99,817.49",25045
14-Nov-2025,EQ,"177.75","177.75","173.80","176.43","174.31","174.07","175.03","231.00","162.20",1234559,"21,60,89,040.60",24308
13-Nov-2025,EQ,"181.50","181.50","175.94","180.03","176.46","176.43","177.73","231.00","162.20",1592078,"28,29,55,336.26",25553
12-Nov-2025,EQ,"177.64","181.01","177.64","177.48","179.89","180.03","179.95","231.00","162.20",1192143,"21,45,28,891.49",15715
11-Nov-2025,EQ,"180.45","180.45","177.15","180.47","177.34","177.48","178.04","231.00","162.20",889897,"15,84,36,824.15",20075
10-Nov-2025,EQ,"179.61","181.90","176.11","180.95","180.21","180.47","178.60","231.00","162.20",1944037,"34,72,01,490.14",26907
07-Nov-2025,EQ,"177.50","181.65","175.81","177.75","180.23","180.95","179.27","231.00","162.20",1410845,"25,29,27,745.06",20436
06-Nov-2025,EQ,"180.01","180.75","176.50","179.36","177.95","177.75","177.74","231.00","162.20",1665585,"29,60,39,103.16",21821
04-Nov-2025,EQ,"178.85","180.09","178.20","178.20","178.80","179.36","179.19","231.00","162.20",2366556,"42,40,58,017.62",14740
03-Nov-2025,EQ,"179.00","184.90","175.01","178.25","178.99","178.20","178.50","231.00","162.20",21423504,"3,82,40,38,616.53",60475
31-Oct-2025,EQ,"180.65","183.61","177.50","179.55","179.43","178.25","180.55","231.00","162.20",1956738,"35,32,85,808.54",28192
30-Oct-2025,EQ,"184.99","185.00","179.13","184.31","179.55","179.55","181.98","231.00","162.20",2028602,"36,91,74,043.73",23678
29-Oct-2025,EQ,"182.56","185.34","182.37","183.53","184.00","184.31","183.96","231.00","162.20",1342488,"24,69,59,709.61",17179
28-Oct-2025,EQ,"183.01","185.50","182.00","182.61","183.68","183.53","183.73","231.00","162.20",1194889,"21,95,32,116.94",18658
27-Oct-2025,EQ,"181.49","183.65","180.50","180.34","183.01","182.61","182.28","231.00","162.20",1225876,"22,34,57,630.79",24574
24-Oct-2025,EQ,"183.60","183.77","178.14","182.86","180.24","180.34","180.52","231.00","162.20",1270694,"22,93,89,057.51",26077
23-Oct-2025,EQ,"182.60","185.50","181.98","181.69","183.00","182.86","183.37","231.00","162.20",2355324,"43,18,94,622.93",30632
21-Oct-2025,EQ,"179.49","182.64","179.48","179.23","181.67","181.69","181.68","231.00","162.20",585457,"10,63,66,411.24",10849
20-Oct-2025,EQ,"172.01","183.00","172.01","171.93","179.91","179.23","179.70","231.00","162.20",4374840,"78,61,78,428.79",56392
17-Oct-2025,EQ,"172.39","172.72","170.51","172.31","171.60","171.93","171.74","231.99","162.20",552401,"9,48,68,495.48",16771
16-Oct-2025,EQ,"173.75","174.70","171.95","173.98","172.40","172.31","173.18","231.99","162.20",522213,"9,04,38,843.27",13301
15-Oct-2025,EQ,"171.08","174.34","171.08","171.08","173.82","173.98","172.43","231.99","162.20",775545,"13,37,30,694.28",14665
14-Oct-2025,EQ,"173.00","174.60","170.26","172.91","170.90","171.08","171.87","231.99","162.20",717380,"12,32,98,462.05",18213
13-Oct-2025,EQ,"174.00","174.48","172.69","174.62","173.00","172.91","173.13","231.99","162.20",457967,"7,92,88,643.57",13451
10-Oct-2025,EQ,"172.35","175.00","172.32","172.35","174.90","174.62","173.94","231.99","162.20",667553,"11,61,16,303.92",15595
09-Oct-2025,EQ,"172.00","173.21","171.33","171.91","172.85","172.35","172.14","231.99","162.20",960951,"16,54,13,470.36",9491
08-Oct-2025,EQ,"174.54","175.08","171.40","174.30","171.91","171.91","172.69","231.99","162.20",553128,"9,55,22,378.24",15317
07-Oct-2025,EQ,"174.65","175.32","173.92","174.65","174.50","174.30","174.62","231.99","162.20",425385,"7,42,81,901.46",10950
06-Oct-2025,EQ,"174.03","175.60","173.83","174.03","174.79","174.65","174.92","231.99","162.20",1375725,"24,06,44,113.42",10861
03-Oct-2025,EQ,"173.40","174.30","172.58","173.08","174.25","174.03","173.52","240.55","162.20",820655,"14,24,03,710.73",15816
01-Oct-2025,EQ,"172.85","173.49","171.65","172.11","173.40","173.08","172.90","240.55","162.20",540654,"9,34,76,595.13",9261
30-Sep-2025,EQ,"170.82","173.09","170.82","170.82","173.09","172.11","172.00","240.55","162.20",403638,"6,94,25,448.07",9024
29-Sep-2025,EQ,"171.70","173.25","170.50","171.05","171.59","170.82","171.46","240.55","162.20",631598,"10,82,90,884.05",14030
26-Sep-2025,EQ,"172.50","172.50","170.00","172.48","171.30","171.05","170.71","243.20","162.20",513085,"8,75,88,796.49",18558
25-Sep-2025,EQ,"173.74","174.11","172.21","173.74","172.55","172.48","172.85","243.20","162.20",416872,"7,20,56,662.98",14557
24-Sep-2025,EQ,"174.50","174.95","173.32","174.12","173.91","173.74","173.62","243.20","162.20",2005133,"34,81,40,884.10",12322
23-Sep-2025,EQ,"174.20","174.90","173.65","174.21","174.18","174.12","174.11","243.20","162.20",639368,"11,13,19,194.76",9402
22-Sep-2025,EQ,"175.63","176.52","174.00","175.89","174.15","174.21","174.87","243.20","162.20",854445,"14,94,12,814.23",19349
19-Sep-2025,EQ,"176.59","176.59","175.10","176.59","176.00","175.89","175.84","243.20","162.20",1242296,"21,84,42,904.80",10179
18-Sep-2025,EQ,"175.51","177.10","174.23","175.25","176.79","176.59","175.78","243.20","162.20",899016,"15,80,25,369.95",14355
17-Sep-2025,EQ,"176.50","177.00","175.00","176.41","175.15","175.25","175.68","243.20","162.20",1298810,"22,81,71,199.00",17900
16-Sep-2025,EQ,"177.80","177.80","175.05","181.78","176.50","176.41","176.15","243.20","162.20",1902165,"33,50,65,675.62",19699
15-Sep-2025,EQ,"179.78","182.01","178.66","178.97","182.00","181.78","180.66","243.20","162.20",2470899,"44,63,90,618.90",17154
12-Sep-2025,EQ,"179.80","180.70","178.37","178.75","179.05","178.97","179.02","243.20","162.20",1168601,"20,92,06,067.06",10260
11-Sep-2025,EQ,"179.60","180.80","178.37","178.70","178.90","178.75","179.23","243.20","162.20",1343847,"24,08,61,548.17",17121
10-Sep-2025,EQ,"175.58","179.50","175.23","174.69","179.09","178.70","178.09","243.20","162.20",1559616,"27,77,54,814.53",21042
09-Sep-2025,EQ,"174.13","175.17","173.81","174.15","174.60","174.69","174.25","243.20","162.20",609581,"10,62,18,510.61",14988
08-Sep-2025,EQ,"176.00","176.50","173.50","174.15","173.99","174.15","174.32","243.20","162.20",1003690,"17,49,61,270.70",20750
05-Sep-2025,EQ,"176.49","176.49","174.00","175.46","174.10","174.15","174.63","243.20","162.20",1016613,"17,75,33,916.68",22633
04-Sep-2025,EQ,"175.50","177.00","175.00","174.46","176.00","175.46","176.00","243.20","162.20",1498686,"26,37,70,384.23",19914
03-Sep-2025,EQ,"175.50","176.59","173.70","175.31","174.50","174.46","174.82","243.20","162.20",2047694,"35,79,76,560.33",21837
02-Sep-2025,EQ,"175.30","177.59","174.51","174.50","175.35","175.31","176.13","243.20","162.20",779106,"13,72,26,452.65",15338
01-Sep-2025,EQ,"173.00","175.29","172.30","171.62","175.26","174.50","173.69","243.20","162.20",832367,"14,45,77,439.01",14128
29-Aug-2025,EQ,"171.50","173.00","171.00","170.20","171.99","171.62","171.95","243.20","162.20",697621,"11,99,56,286.80",16438
28-Aug-2025,EQ,"171.99","171.99","169.12","170.19","170.15","170.20","170.36","243.20","162.20",474322,"8,08,05,727.77",19834
26-Aug-2025,EQ,"172.30","172.30","170.00","171.94","170.70","170.19","170.60","243.20","162.20",603847,"10,30,19,235.94",22781
25-Aug-2025,EQ,"173.00","173.15","171.56","172.46","172.00","171.94","172.21","243.20","162.20",477463,"8,22,24,249.93",14225
22-Aug-2025,EQ,"172.40","174.00","170.66","171.68","172.39","172.46","172.00","243.20","162.20",638427,"10,98,06,319.70",16004
21-Aug-2025,EQ,"172.15","172.68","171.10","171.99","171.90","171.68","171.99","243.20","162.20",735247,"12,64,52,648.88",15359
20-Aug-2025,EQ,"173.81","173.81","171.65","172.43","172.09","171.99","172.02","243.20","162.20",591095,"10,16,80,736.82",16020
19-Aug-2025,EQ,"171.40","173.21","169.97","170.87","173.15","172.43","171.42","243.20","162.20",615070,"10,54,33,970.48",18407
18-Aug-2025,EQ,"170.15","171.59","169.91","169.89","170.85","170.87","170.59","243.20","162.20",601244,"10,25,68,019.94",19015
14-Aug-2025,EQ,"172.99","172.99","169.50","170.51","169.99","169.89","170.69","243.20","162.20",887776,"15,15,35,099.60",27352
13-Aug-2025,EQ,"170.00","172.00","170.00","172.20","170.68","170.51","170.66","243.20","162.20",1303857,"22,25,12,623.36",27784
12-Aug-2025,EQ,"172.50","172.65","171.70","172.19","172.25","172.20","172.23","243.20","162.20",685602,"11,80,82,936.37",16653
11-Aug-2025,EQ,"173.10","173.40","171.50","172.17","172.40","172.19","172.27","243.20","162.20",1061624,"18,28,86,073.44",23152
08-Aug-2025,EQ,"175.00","175.00","171.50","173.65","172.75","172.17","172.76","243.20","162.20",1617508,"27,94,35,841.79",26491
07-Aug-2025,EQ,"174.80","175.90","171.70","174.94","174.30","173.65","173.73","243.20","162.20",949761,"16,49,99,468.88",28745
06-Aug-2025,EQ,"179.40","179.75","174.60","178.68","175.15","174.94","175.61","243.20","162.20",1555826,"27,32,17,655.15",41814
05-Aug-2025,EQ,"181.04","181.05","178.06","180.35","178.99","178.68","179.44","243.20","162.20",861243,"15,45,41,406.51",21443
04-Aug-2025,EQ,"178.50","180.80","177.50","178.39","180.00","180.35","179.71","243.20","162.20",832567,"14,96,17,688.95",19370
01-Aug-2025,EQ,"180.66","180.80","178.00","180.66","178.40","178.39","179.17","245.00","162.20",663238,"11,88,31,346.19",22476
31-Jul-2025,EQ,"181.10","181.59","179.70","182.11","180.80","180.66","180.69","245.00","162.20",891240,"16,10,34,285.59",22907
30-Jul-2025,EQ,"183.68","184.63","181.80","183.66","182.40","182.11","182.62","245.00","162.20",705921,"12,89,15,940.51",22834
29-Jul-2025,EQ,"185.49","185.76","181.62","184.80","184.30","183.66","182.66","245.00","162.20",2210515,"40,37,81,128.55",26568
28-Jul-2025,EQ,"187.50","188.30","184.50","187.92","184.77","184.80","186.01","245.00","162.20",1362312,"25,33,99,693.11",24486
25-Jul-2025,EQ,"188.80","188.80","187.02","188.71","187.89","187.92","187.76","245.00","162.20",523457,"9,82,82,009.86",22579
24-Jul-2025,EQ,"190.00","190.20","187.84","189.41","188.40","188.71","188.69","245.00","162.20",616567,"11,63,37,908.50",23857
23-Jul-2025,EQ,"190.85","191.40","188.39","190.52","189.56","189.41","189.44","245.00","162.20",788668,"14,94,08,773.34",24060
22-Jul-2025,EQ,"191.98","191.98","190.16","191.21","190.55","190.52","190.78","245.00","162.20",476863,"9,09,76,628.98",14357
21-Jul-2025,EQ,"192.29","192.29","190.15","191.56","191.32","191.21","191.09","245.00","162.20",536701,"10,25,57,785.82",16868
18-Jul-2025,EQ,"193.45","193.87","190.60","193.44","191.78","191.56","192.29","245.00","162.20",693365,"13,33,30,161.68",18498
17-Jul-2025,EQ,"193.80","196.84","192.10","192.95","193.30","193.44","193.32","245.00","162.20",1248464,"24,13,56,091.09",15296
16-Jul-2025,EQ,"193.40","194.20","192.61","193.17","193.00","192.95","193.17","245.00","162.20",785791,"15,17,91,307.79",12527
15-Jul-2025,EQ,"194.00","194.90","192.42","193.11","193.50","193.17","193.36","245.00","162.20",872279,"16,86,66,697.16",13730
14-Jul-2025,EQ,"191.71","193.50","190.54","190.39","193.00","193.11","191.96","245.00","162.20",859048,"16,49,02,710.42",12062
11-Jul-2025,EQ,"191.65","192.49","190.20","191.23","190.50","190.39","190.84","245.00","162.20",678190,"12,94,26,327.64",19939
10-Jul-2025,EQ,"192.95","193.32","190.47","192.05","191.25","191.23","191.30","245.00","162.20",843090,"16,12,85,251.31",24458
09-Jul-2025,EQ,"193.70","193.95","190.70","193.16","191.00","192.05","192.41","245.00","162.20",1364490,"26,25,38,276.00",22627
08-Jul-2025,EQ,"193.33","194.80","192.50","192.86","193.28","193.16","193.37","245.00","162.20",1000785,"19,35,20,570.14",17614
07-Jul-2025,EQ,"194.90","195.19","192.00","193.70","192.99","192.86","193.29","245.00","162.20",1207115,"23,33,27,949.19",23211
04-Jul-2025,EQ,"193.06","195.41","192.98","193.93","193.83","193.70","193.74","245.00","162.20",1151289,"22,30,53,731.00",18998
03-Jul-2025,EQ,"195.06","195.70","192.50","195.06","193.70","193.93","193.74","245.00","162.20",1737883,"33,66,93,942.07",30696
02-Jul-2025,EQ,"197.76","197.77","194.25","196.77","195.19","195.06","195.19","245.00","162.20",2321474,"45,31,26,095.02",45636
01-Jul-2025,EQ,"197.51","198.49","193.50","195.67","196.95","196.77","196.26","245.00","162.20",3943909,"77,40,30,623.90",60179
30-Jun-2025,EQ,"199.50","204.83","190.00","207.65","195.90","195.67","195.23","245.00","162.20",17800774,"3,47,52,98,834.27",147244
27-Jun-2025,EQ,"209.00","209.44","206.72","207.91","208.70","207.65","208.01","245.00","162.20",1199082,"24,94,21,950.04",18662
26-Jun-2025,EQ,"207.79","209.21","205.00","207.40","207.90","207.91","207.28","245.00","162.20",1225806,"25,40,89,188.24",12825
25-Jun-2025,EQ,"205.90","209.40","205.00","205.81","207.41","207.40","207.48","245.00","162.20",514613,"10,67,73,132.19",10123
24-Jun-2025,EQ,"205.99","210.60","205.00","204.52","205.50","205.81","207.04","245.00","162.20",1756313,"36,36,22,666.19",24316
23-Jun-2025,EQ,"198.50","206.29","198.50","200.37","205.01","204.52","201.95","245.00","162.20",1097617,"22,16,60,000.06",19058
20-Jun-2025,EQ,"199.91","202.27","199.20","199.91","201.00","200.37","200.60","245.00","162.20",562965,"11,29,29,286.17",13199
19-Jun-2025,EQ,"203.27","204.49","197.53","203.27","200.00","199.91","200.19","245.00","162.20",940331,"18,82,43,841.83",18585
18-Jun-2025,EQ,"205.00","206.35","202.63","205.77","203.65","203.27","204.25","245.00","162.20",603526,"12,32,70,277.18",12159
17-Jun-2025,EQ,"206.10","208.94","205.00","205.66","205.13","205.77","206.44","245.00","162.20",759847,"15,68,63,820.21",11786
16-Jun-2025,EQ,"205.80","208.20","202.80","205.43","205.80","205.66","205.40","245.00","162.20",1128508,"23,17,94,003.51",23519
13-Jun-2025,EQ,"204.12","206.58","202.58","207.22","205.90","205.43","204.90","245.00","162.20",1066699,"21,85,64,377.18",19476
12-Jun-2025,EQ,"210.00","211.70","205.11","209.92","206.80","207.22","208.57","245.00","162.20",1720519,"35,88,56,501.57",27313
11-Jun-2025,EQ,"203.48","212.79","202.27","202.96","209.40","209.92","209.46","245.00","162.20",4001170,"83,80,76,072.65",45368
10-Jun-2025,EQ,"204.90","205.27","201.80","203.34","203.10","202.96","202.99","245.00","162.20",892001,"18,10,68,834.50",12098
09-Jun-2025,EQ,"199.70","205.73","199.60","198.10","203.50","203.34","203.30","245.00","162.20",2605218,"52,96,28,044.17",24150
06-Jun-2025,EQ,"195.00","199.50","193.70","194.97","198.29","198.10","196.87","245.00","162.20",2110553,"41,54,96,543.41",22565
05-Jun-2025,EQ,"197.10","198.50","194.51","196.94","195.00","194.97","195.91","245.00","162.20",1022961,"20,04,12,807.10",20409
04-Jun-2025,EQ,"198.70","199.66","195.70","197.88","197.00","196.94","197.34","245.00","162.20",1084974,"21,41,03,881.83",19186
03-Jun-2025,EQ,"202.89","204.20","197.51","201.72","197.80","197.88","199.81","245.00","162.20",1190854,"23,79,39,151.30",22415
02-Jun-2025,EQ,"197.98","203.00","197.34","197.91","202.00","201.72","201.27","245.00","162.20",1941280,"39,07,28,574.41",25060
30-May-2025,EQ,"197.00","199.02","193.85","196.30","198.10","197.91","196.85","245.00","162.20",1579157,"31,08,59,526.22",26033
29-May-2025,EQ,"197.00","198.28","195.00","195.60","196.48","196.30","196.80","245.00","162.20",889121,"17,49,77,364.22",19117
28-May-2025,EQ,"197.00","198.30","194.70","196.37","196.15","195.60","196.54","245.00","162.20",1043684,"20,51,30,543.39",13538
27-May-2025,EQ,"199.38","200.49","195.90","198.49","196.00","196.37","197.76","245.00","162.20",1230649,"24,33,67,395.29",17397
26-May-2025,EQ,"197.65","201.30","197.65","196.21","199.50","198.49","199.79","245.00","162.20",2101278,"41,98,14,963.89",19970
23-May-2025,EQ,"197.00","198.69","195.32","196.87","196.18","196.21","196.50","245.00","162.20",806218,"15,84,17,853.00",11605
22-May-2025,EQ,"198.37","200.50","195.35","198.37","197.30","196.87","197.96","245.00","162.20",673938,"13,34,15,397.56",11837
21-May-2025,EQ,"201.21","201.55","197.12","201.28","198.60","198.37","198.93","245.00","162.20",837519,"16,66,07,520.56",14624
20-May-2025,EQ,"203.00","204.72","199.92","202.79","201.40","201.28","202.09","245.00","162.20",803285,"16,23,32,628.15",11950
19-May-2025,EQ,"195.99","203.75","195.89","195.33","202.52","202.79","200.75","245.00","162.20",2575603,"51,70,61,295.11",24964
16-May-2025,EQ,"200.45","200.99","194.90","199.53","195.86","195.33","196.91","245.00","162.20",1672068,"32,92,46,034.84",23982
15-May-2025,EQ,"199.00","204.00","197.00","207.68","199.71","199.53","199.72","245.00","162.20",3937914,"78,64,74,054.47",40624
14-May-2025,EQ,"203.40","208.70","202.86","202.89","208.03","207.68","206.80","245.00","162.20",1237380,"25,58,90,161.08",17917
13-May-2025,EQ,"197.60","203.40","197.55","197.60","202.77","202.89","201.10","245.00","162.20",1482269,"29,80,81,107.02",17386
12-May-2025,EQ,"196.70","198.00","194.32","188.84","197.88","197.60","196.72","245.00","162.20",887038,"17,44,99,231.39",14162
09-May-2025,EQ,"185.00","190.34","184.01","189.91","189.95","188.84","187.31","245.00","162.20",1085189,"20,32,67,258.64",28382
08-May-2025,EQ,"191.58","193.89","188.00","189.73","190.00","189.91","191.02","245.00","162.20",664786,"12,69,84,543.56",22074
07-May-2025,EQ,"186.90","191.91","186.10","188.46","190.90","189.73","189.75","245.00","162.20",796704,"15,11,71,282.43",19769
06-May-2025,EQ,"195.40","196.90","187.85","194.91","188.99","188.46","190.72","245.00","162.20",1002922,"19,12,76,353.30",30754
05-May-2025,EQ,"196.45","196.49","193.83","195.07","195.50","194.91","195.23","245.00","162.20",506907,"9,89,62,411.68",15497
02-May-2025,EQ,"195.87","197.80","194.38","195.87","195.00","195.07","195.71","245.00","162.20",515574,"10,09,03,351.06",17418
30-Apr-2025,EQ,"200.15","200.85","194.00","200.42","195.70","195.87","197.82","245.00","162.20",998673,"19,75,60,400.91",23599
29-Apr-2025,EQ,"201.10","204.89","198.50","201.31","200.57","200.42","201.25","245.00","162.20",1001334,"20,15,18,413.08",15732
28-Apr-2025,EQ,"200.00","203.00","197.34","200.06","201.00","201.31","201.12","245.00","162.20",1261039,"25,36,19,877.03",18709
25-Apr-2025,EQ,"202.62","203.49","198.77","201.61","199.40","200.06","199.91","245.00","162.20",1835980,"36,70,30,366.97",22513
24-Apr-2025,EQ,"202.26","205.00","201.00","202.26","201.45","201.61","202.42","245.00","162.20",823746,"16,67,46,078.42",20258
23-Apr-2025,EQ,"199.00","202.65","195.63","197.08","202.18","202.26","200.21","245.00","162.20",2432659,"48,70,41,640.91",43019
22-Apr-2025,EQ,"196.99","200.45","195.54","196.82","197.25","197.08","198.08","245.00","162.20",1066896,"21,13,33,224.61",16780
21-Apr-2025,EQ,"192.05","197.28","191.85","191.40","196.98","196.82","196.03","245.00","162.20",1418236,"27,80,19,173.71",22238
17-Apr-2025,EQ,"191.44","192.99","190.20","190.48","190.80","191.40","191.72","245.00","162.20",1264694,"24,24,66,876.33",26414
16-Apr-2025,EQ,"182.54","192.00","182.31","182.54","191.40","190.48","188.99","245.00","162.20",2017317,"38,12,48,278.66",23701
15-Apr-2025,EQ,"181.90","183.78","181.89","181.67","183.18","182.54","182.78","245.00","162.20",1903630,"34,79,36,786.85",18578
11-Apr-2025,EQ,"183.30","184.05","180.73","180.71","181.80","181.67","182.31","245.00","162.20",827468,"15,08,52,061.42",18481
09-Apr-2025,EQ,"179.70","183.12","179.66","180.77","182.00","180.71","180.34","245.00","162.20",672733,"12,13,22,994.99",17093
08-Apr-2025,EQ,"182.00","182.62","178.26","178.02","180.79","180.77","180.62","245.00","162.20",621842,"11,23,18,219.98",22306
07-Apr-2025,EQ,"168.00","179.45","167.55","183.37","179.00","178.02","175.07","245.00","162.20",1644601,"28,79,21,594.16",36836
04-Apr-2025,EQ,"189.28","190.94","181.60","188.49","184.80","183.37","186.44","245.00","162.20",1909529,"35,60,21,103.55",36264
03-Apr-2025,EQ,"179.15","191.30","178.70","180.28","188.20","188.49","187.51","245.00","162.20",1832383,"34,35,93,901.78",24419
02-Apr-2025,EQ,"179.20","180.81","177.53","179.20","180.60","180.28","179.63","245.00","162.20",430740,"7,73,72,349.03",10946
01-Apr-2025,EQ,"175.00","179.80","175.00","175.85","179.40","179.20","178.95","245.00","162.20",622545,"11,14,01,881.54",12130
28-Mar-2025,EQ,"179.90","181.56","175.00","178.81","175.50","175.85","177.76","245.00","162.20",1164579,"20,70,18,245.67",40733
27-Mar-2025,EQ,"177.80","179.90","175.31","177.26","178.80","178.81","178.46","245.00","162.20",1783824,"31,83,34,360.97",36454
26-Mar-2025,EQ,"180.40","180.40","176.98","180.40","177.50","177.26","178.44","245.00","162.20",939799,"16,76,96,576.33",41744
25-Mar-2025,EQ,"185.50","185.62","179.92","183.99","180.10","180.40","182.30","245.00","162.20",1632801,"29,76,58,724.41",26168
24-Mar-2025,EQ,"182.44","186.00","182.13","181.46","184.20","183.99","184.02","245.00","162.20",1613279,"29,68,71,512.17",18876
21-Mar-2025,EQ,"183.80","184.85","181.00","183.80","181.20","181.46","182.48","245.00","162.20",1236386,"22,56,15,885.00",20760
20-Mar-2025,EQ,"179.02","184.50","177.64","176.16","183.80","183.80","181.51","245.00","162.20",1580928,"28,69,59,262.20",25832
19-Mar-2025,EQ,"175.11","176.65","174.50","174.50","176.65","176.16","175.68","245.00","162.20",910021,"15,98,69,469.54",16869
18-Mar-2025,EQ,"170.60","174.95","170.60","170.39","174.50","174.50","174.19","245.00","162.20",1147870,"19,99,47,731.98",14595
17-Mar-2025,EQ,"171.73","172.64","169.63","171.71","170.41","170.39","170.55","245.00","162.20",1016297,"17,33,31,494.40",22683